-- Seed `users` data
INSERT INTO "users" ("id", "name", "avatar", "whatsapp", "bio") VALUES
  ('cmahlxtt200010clb39la0x4u', 'Alex Kutzke', 'https://github.com/alexkutzke.png', '+5541999888777', 'Lorem ipsum dolor sit amet consectetur adipisicing elit.Beatae consequatur, deserunt quibusdam nesciunt nobis voluptatum. Dicta error, vero, itaque numquam voluptates laudantium quod quasi commodi ea omnis officiis illum eos!'),
  ('cmahm8moh00000cjp4yy83fd7', 'André K. Antunes', 'https://github.com/andrekantunes.png', '+5541999888777', 'Lorem ipsum dolor sit amet consectetur adipisicing elit.Beatae consequatur, deserunt quibusdam nesciunt nobis voluptatum. Dicta error, vero, itaque numquam voluptates laudantium quod quasi commodi ea omnis officiis illum eos!'),
  ('cmahma4yv00010cjv9qlb0y8n', 'Aurelio S. Matsunaga', 'https://github.com/aureliomatsunaga.png', '+5541999888777', 'Lorem ipsum dolor sit amet consectetur adipisicing elit.Beatae consequatur, deserunt quibusdam nesciunt nobis voluptatum. Dicta error, vero, itaque numquam voluptates laudantium quod quasi commodi ea omnis officiis illum eos!'),
  ('cmahmb0pi00020cjv3iwz8tjb', 'Bruno Fernandes', 'https://github.com/bruno1.png', '+5541999888777', 'Lorem ipsum dolor sit amet consectetur adipisicing elit.Beatae consequatur, deserunt quibusdam nesciunt nobis voluptatum. Dicta error, vero, itaque numquam voluptates laudantium quod quasi commodi ea omnis officiis illum eos!'),
  ('cmahmc94k00030cjv2kxhe9i4', 'Cassiano K. Vidal', 'https://github.com/oicassi.png', '+5541999888777', 'Lorem ipsum dolor sit amet consectetur adipisicing elit.Beatae consequatur, deserunt quibusdam nesciunt nobis voluptatum. Dicta error, vero, itaque numquam voluptates laudantium quod quasi commodi ea omnis officiis illum eos!'),
  ('cmahmd0wn00040cjvb9ow246l', 'Diego Fernandes', 'https://github.com/diego3g.png', '+5541999888777', 'Lorem ipsum dolor sit amet consectetur adipisicing elit.Beatae consequatur, deserunt quibusdam nesciunt nobis voluptatum. Dicta error, vero, itaque numquam voluptates laudantium quod quasi commodi ea omnis officiis illum eos!'),
  ('cmahmdu8v00050cjvbndu2fh0', 'Erick Alessi', 'https://github.com/erickbralessi.png', '+5541999888777', 'Lorem ipsum dolor sit amet consectetur adipisicing elit.Beatae consequatur, deserunt quibusdam nesciunt nobis voluptatum. Dicta error, vero, itaque numquam voluptates laudantium quod quasi commodi ea omnis officiis illum eos!'),
  ('cmahmejpp00060cjvch4sdust', 'Julio L. Muller', 'https://github.com/juliolmuller.png', '+5541999888777', 'Lorem ipsum dolor sit amet consectetur adipisicing elit.Beatae consequatur, deserunt quibusdam nesciunt nobis voluptatum. Dicta error, vero, itaque numquam voluptates laudantium quod quasi commodi ea omnis officiis illum eos!'),
  ('cmahmfdw900070cjvdudofja5', 'Wesley Caetano', 'https://github.com/vvesleyc.png', '+5541999888777', 'Lorem ipsum dolor sit amet consectetur adipisicing elit.Beatae consequatur, deserunt quibusdam nesciunt nobis voluptatum. Dicta error, vero, itaque numquam voluptates laudantium quod quasi commodi ea omnis officiis illum eos!');

-- Seed `classes` data
INSERT INTO "classes" ("id", "subject", "price", "user_id") VALUES
  ('cmahpq5uu00000cma3o6z2i4v', 'Biologia', 79.9, 'cmahlxtt200010clb39la0x4u'),
  ('cmahpq5uv00010cma6ipzbb1t', 'Física', 79.9, 'cmahlxtt200010clb39la0x4u'),
  ('cmahpq5uv00020cmabzv0h9l8', 'Geografia', 79.9, 'cmahlxtt200010clb39la0x4u'),
  ('cmahpq5uv00030cma4k7hf5vy', 'História', 79.9, 'cmahlxtt200010clb39la0x4u'),
  ('cmahpq5uv00040cmayz8584rm', 'Lógica', 79.9, 'cmahlxtt200010clb39la0x4u'),
  ('cmahpq5uv00050cmak8qliwp2', 'Matemática', 79.9, 'cmahlxtt200010clb39la0x4u'),
  ('cmahpq5uv00060cmao0bdcuh7', 'Português', 79.9, 'cmahlxtt200010clb39la0x4u'),
  ('cmahpq5uv00070cmabrtwb40m', 'Química', 79.9, 'cmahlxtt200010clb39la0x4u'),
  ('cmahpq5uv00080cmauosuu8g9', 'Biologia', 85.0, 'cmahm8moh00000cjp4yy83fd7'),
  ('cmahpq5uv00090cma3k7hf5vy', 'Física', 85.0, 'cmahm8moh00000cjp4yy83fd7'),
  ('cmahpq5uv000a0cmayz8584rm', 'Geografia', 85.0, 'cmahm8moh00000cjp4yy83fd7'),
  ('cmahpq5uv000b0cmak8qliwp2', 'História', 85.0, 'cmahm8moh00000cjp4yy83fd7'),
  ('cmahpq5uv000c0cmao0bdcuh7', 'Lógica', 85.0, 'cmahm8moh00000cjp4yy83fd7'),
  ('cmahpq5uv000d0cmabrtwb40m', 'Matemática', 85.0, 'cmahm8moh00000cjp4yy83fd7'),
  ('cmahpq5uv000e0cmauosuu8g9', 'Português', 85.0, 'cmahm8moh00000cjp4yy83fd7'),
  ('cmahpq5uv000f0cma3k7hf5vy', 'Química', 85.0, 'cmahm8moh00000cjp4yy83fd7'),
  ('cmahpq5uv00100cmayz8584rm', 'Biologia', 80.0, 'cmahma4yv00010cjv9qlb0y8n'),
  ('cmahpq5uv00110cmak8qliwp2', 'Física', 80.0, 'cmahma4yv00010cjv9qlb0y8n'),
  ('cmahpq5uv00120cmao0bdcuh7', 'Geografia', 80.0, 'cmahma4yv00010cjv9qlb0y8n'),
  ('cmahpq5uv00130cmabrtwb40m', 'História', 80.0, 'cmahma4yv00010cjv9qlb0y8n'),
  ('cmahpq5uv00140cmauosuu8g9', 'Lógica', 80.0, 'cmahma4yv00010cjv9qlb0y8n'),
  ('cmahpq5uv00150cma3k7hf5vy', 'Matemática', 80.0, 'cmahma4yv00010cjv9qlb0y8n'),
  ('cmahpq5uv00160cmayz8584rm', 'Português', 80.0, 'cmahma4yv00010cjv9qlb0y8n'),
  ('cmahpq5uv00170cmak8qliwp2', 'Química', 80.0, 'cmahma4yv00010cjv9qlb0y8n'),
  ('cmahpq5uv00180cmao0bdcuh7', 'Biologia', 75.0, 'cmahmb0pi00020cjv3iwz8tjb'),
  ('cmahpq5uv00190cmabrtwb40m', 'Física', 75.0, 'cmahmb0pi00020cjv3iwz8tjb'),
  ('cmahpq5uv001a0cmauosuu8g9', 'Geografia', 75.0, 'cmahmb0pi00020cjv3iwz8tjb'),
  ('cmahpq5uv001b0cma3k7hf5vy', 'História', 75.0, 'cmahmb0pi00020cjv3iwz8tjb'),
  ('cmahpq5uv001c0cmayz8584rm', 'Lógica', 75.0, 'cmahmb0pi00020cjv3iwz8tjb'),
  ('cmahpq5uv001d0cmak8qliwp2', 'Matemática', 75.0, 'cmahmb0pi00020cjv3iwz8tjb'),
  ('cmahpq5uv001e0cmao0bdcuh7', 'Português', 75.0, 'cmahmb0pi00020cjv3iwz8tjb'),
  ('cmahpq5uv001f0cmabrtwb40m', 'Química', 75.0, 'cmahmb0pi00020cjv3iwz8tjb'),
  ('cmahpq5uv00200cmauosuu8g9', 'Biologia', 84.9, 'cmahmc94k00030cjv2kxhe9i4'),
  ('cmahpq5uv00210cma3k7hf5vy', 'Física', 84.9, 'cmahmc94k00030cjv2kxhe9i4'),
  ('cmahpq5uv00220cmayz8584rm', 'Geografia', 84.9, 'cmahmc94k00030cjv2kxhe9i4'),
  ('cmahpq5uv00230cmak8qliwp2', 'História', 84.9, 'cmahmc94k00030cjv2kxhe9i4'),
  ('cmahpq5uv00240cmao0bdcuh7', 'Lógica', 84.9, 'cmahmc94k00030cjv2kxhe9i4'),
  ('cmahpq5uv00250cmabrtwb40m', 'Matemática', 84.9, 'cmahmc94k00030cjv2kxhe9i4'),
  ('cmahpq5uv00260cmauosuu8g9', 'Português', 84.9, 'cmahmc94k00030cjv2kxhe9i4'),
  ('cmahpq5uv00270cma3k7hf5vy', 'Química', 84.9, 'cmahmc94k00030cjv2kxhe9i4'),
  ('cmahpq5uv00280cmayz8584rm', 'Biologia', 70.0, 'cmahmd0wn00040cjvb9ow246l'),
  ('cmahpq5uv00290cmak8qliwp2', 'Física', 70.0, 'cmahmd0wn00040cjvb9ow246l'),
  ('cmahpq5uv002a0cmao0bdcuh7', 'Geografia', 70.0, 'cmahmd0wn00040cjvb9ow246l'),
  ('cmahpq5uv002b0cmabrtwb40m', 'História', 70.0, 'cmahmd0wn00040cjvb9ow246l'),
  ('cmahpq5uv002c0cmauosuu8g9', 'Lógica', 70.0, 'cmahmd0wn00040cjvb9ow246l'),
  ('cmahpq5uv002d0cma3k7hf5vy', 'Matemática', 70.0, 'cmahmd0wn00040cjvb9ow246l'),
  ('cmahpq5uv002e0cmayz8584rm', 'Português', 70.0, 'cmahmd0wn00040cjvb9ow246l'),
  ('cmahpq5uv002f0cmak8qliwp2', 'Química', 70.0, 'cmahmd0wn00040cjvb9ow246l'),
  ('cmahpq5uv00300cmao0bdcuh7', 'Biologia', 75.0, 'cmahmdu8v00050cjvbndu2fh0'),
  ('cmahpq5uv00310cmabrtwb40m', 'Física', 75.0, 'cmahmdu8v00050cjvbndu2fh0'),
  ('cmahpq5uv00320cmauosuu8g9', 'Geografia', 75.0, 'cmahmdu8v00050cjvbndu2fh0'),
  ('cmahpq5uv00330cma3k7hf5vy', 'História', 75.0, 'cmahmdu8v00050cjvbndu2fh0'),
  ('cmahpq5uv00340cmayz8584rm', 'Lógica', 75.0, 'cmahmdu8v00050cjvbndu2fh0'),
  ('cmahpq5uv00350cmak8qliwp2', 'Matemática', 75.0, 'cmahmdu8v00050cjvbndu2fh0'),
  ('cmahpq5uv00360cmao0bdcuh7', 'Português', 75.0, 'cmahmdu8v00050cjvbndu2fh0'),
  ('cmahpq5uv00370cmabrtwb40m', 'Química', 75.0, 'cmahmdu8v00050cjvbndu2fh0'),
  ('cmahpq5uv00380cmauosuu8g9', 'Biologia', 89.9, 'cmahmejpp00060cjvch4sdust'),
  ('cmahpq5uv00390cma3k7hf5vy', 'Física', 89.9, 'cmahmejpp00060cjvch4sdust'),
  ('cmahpq5uv003a0cmayz8584rm', 'Geografia', 89.9, 'cmahmejpp00060cjvch4sdust'),
  ('cmahpq5uv003b0cmak8qliwp2', 'História', 89.9, 'cmahmejpp00060cjvch4sdust'),
  ('cmahpq5uv003c0cmao0bdcuh7', 'Lógica', 89.9, 'cmahmejpp00060cjvch4sdust'),
  ('cmahpq5uv003d0cmabrtwb40m', 'Matemática', 89.9, 'cmahmejpp00060cjvch4sdust'),
  ('cmahpq5uv003e0cmauosuu8g9', 'Português', 89.9, 'cmahmejpp00060cjvch4sdust'),
  ('cmahpq5uv003f0cma3k7hf5vy', 'Química', 89.9, 'cmahmejpp00060cjvch4sdust'),
  ('cmahpq5uv00400cmayz8584rm', 'Biologia', 79.9, 'cmahmfdw900070cjvdudofja5'),
  ('cmahpq5uv00410cmak8qliwp2', 'Física', 79.9, 'cmahmfdw900070cjvdudofja5'),
  ('cmahpq5uv00420cmao0bdcuh7', 'Geografia', 79.9, 'cmahmfdw900070cjvdudofja5'),
  ('cmahpq5uv00430cmabrtwb40m', 'História', 79.9, 'cmahmfdw900070cjvdudofja5'),
  ('cmahpq5uv00440cmauosuu8g9', 'Lógica', 79.9, 'cmahmfdw900070cjvdudofja5'),
  ('cmahpq5uv00450cma3k7hf5vy', 'Matemática', 79.9, 'cmahmfdw900070cjvdudofja5'),
  ('cmahpq5uv00460cmayz8584rm', 'Português', 79.9, 'cmahmfdw900070cjvdudofja5'),
  ('cmahpq5uv00470cmak8qliwp2', 'Química', 79.9, 'cmahmfdw900070cjvdudofja5');

-- seed `class_schedules` data
INSERT INTO "class_schedules" ("id", "weekday", "from", "to", "class_id") VALUES
  ('cmahpq5uv00480cmao0bdcuh7', 0, 480, 600, 'cmahpq5uu00000cma3o6z2i4v'),
  ('cmahpq5uv00490cmabrtwb40m', 1, 540, 660, 'cmahpq5uu00000cma3o6z2i4v'),
  ('cmahpq5uv004a0cmauosuu8g9', 2, 600, 720, 'cmahpq5uu00000cma3o6z2i4v'),
  ('cmahpq5uv004b0cma3k7hf5vy', 3, 480, 600, 'cmahpq5uv00010cma6ipzbb1t'),
  ('cmahpq5uv004c0cmayz8584rm', 4, 540, 660, 'cmahpq5uv00010cma6ipzbb1t'),
  ('cmahpq5uv004d0cmak8qliwp2', 5, 600, 720, 'cmahpq5uv00010cma6ipzbb1t'),
  ('cmahpq5uv004e0cmao0bdcuh7', 6, 480, 600, 'cmahpq5uv00020cmabzv0h9l8'),
  ('cmahpq5uv004f0cmabrtwb40m', 0, 540, 660, 'cmahpq5uv00020cmabzv0h9l8'),
  ('cmahpq5uv00500cmauosuu8g9', 1, 600, 720, 'cmahpq5uv00020cmabzv0h9l8'),
  ('cmahpq5uv00510cma3k7hf5vy', 2, 480, 600, 'cmahpq5uv00030cma4k7hf5vy'),
  ('cmahpq5uv00520cmayz8584rm', 3, 540, 660, 'cmahpq5uv00030cma4k7hf5vy'),
  ('cmahpq5uv00530cmak8qliwp2', 4, 600, 720, 'cmahpq5uv00030cma4k7hf5vy'),
  ('cmahpq5uv00540cmao0bdcuh7', 5, 480, 600, 'cmahpq5uv00040cmayz8584rm'),
  ('cmahpq5uv00550cmabrtwb40m', 6, 540, 660, 'cmahpq5uv00040cmayz8584rm'),
  ('cmahpq5uv00560cmauosuu8g9', 0, 600, 720, 'cmahpq5uv00040cmayz8584rm'),
  ('cmahpq5uv00570cma3k7hf5vy', 1, 480, 600, 'cmahpq5uv00050cmak8qliwp2'),
  ('cmahpq5uv00580cmayz8584rm', 2, 540, 660, 'cmahpq5uv00050cmak8qliwp2'),
  ('cmahpq5uv00590cmak8qliwp2', 3, 600, 720, 'cmahpq5uv00050cmak8qliwp2'),
  ('cmahpq5uv005a0cmao0bdcuh7', 4, 480, 600, 'cmahpq5uv00060cmao0bdcuh7'),
  ('cmahpq5uv005b0cmabrtwb40m', 5, 540, 660, 'cmahpq5uv00060cmao0bdcuh7'),
  ('cmahpq5uv005c0cmauosuu8g9', 6, 600, 720, 'cmahpq5uv00060cmao0bdcuh7'),
  ('cmahpq5uv005d0cma3k7hf5vy', 0, 480, 600, 'cmahpq5uv00070cmabrtwb40m'),
  ('cmahpq5uv005e0cmayz8584rm', 1, 540, 660, 'cmahpq5uv00070cmabrtwb40m'),
  ('cmahpq5uv005f0cmak8qliwp2', 2, 600, 720, 'cmahpq5uv00070cmabrtwb40m'),
  ('cmahpq5uv00600cmao0bdcuh7', 3, 480, 600, 'cmahpq5uv00080cmauosuu8g9'),
  ('cmahpq5uv00610cmabrtwb40m', 4, 540, 660, 'cmahpq5uv00080cmauosuu8g9'),
  ('cmahpq5uv00620cmauosuu8g9', 5, 600, 720, 'cmahpq5uv00080cmauosuu8g9'),
  ('cmahpq5uv00630cma3k7hf5vy', 6, 480, 600, 'cmahpq5uv00090cma3k7hf5vy'),
  ('cmahpq5uv00640cmayz8584rm', 0, 540, 660, 'cmahpq5uv00090cma3k7hf5vy'),
  ('cmahpq5uv00650cmak8qliwp2', 1, 600, 720, 'cmahpq5uv00090cma3k7hf5vy'),
  ('cmahpq5uv00660cmao0bdcuh7', 2, 480, 600, 'cmahpq5uv000a0cmayz8584rm'),
  ('cmahpq5uv00670cmabrtwb40m', 3, 540, 660, 'cmahpq5uv000a0cmayz8584rm'),
  ('cmahpq5uv00680cmauosuu8g9', 4, 600, 720, 'cmahpq5uv000a0cmayz8584rm'),
  ('cmahpq5uv00690cma3k7hf5vy', 5, 480, 600, 'cmahpq5uv000b0cmak8qliwp2'),
  ('cmahpq5uv006a0cmayz8584rm', 6, 540, 660, 'cmahpq5uv000b0cmak8qliwp2'),
  ('cmahpq5uv006b0cmak8qliwp2', 0, 600, 720, 'cmahpq5uv000b0cmak8qliwp2'),
  ('cmahpq5uv006c0cmao0bdcuh7', 1, 480, 600, 'cmahpq5uv000c0cmao0bdcuh7'),
  ('cmahpq5uv006d0cmabrtwb40m', 2, 540, 660, 'cmahpq5uv000c0cmao0bdcuh7'),
  ('cmahpq5uv006e0cmauosuu8g9', 3, 600, 720, 'cmahpq5uv000c0cmao0bdcuh7'),
  ('cmahpq5uv006f0cma3k7hf5vy', 4, 480, 600, 'cmahpq5uv000d0cmabrtwb40m'),
  ('cmahpq5uv00700cmayz8584rm', 5, 540, 660, 'cmahpq5uv000d0cmabrtwb40m'),
  ('cmahpq5uv00710cmak8qliwp2', 6, 600, 720, 'cmahpq5uv000d0cmabrtwb40m'),
  ('cmahpq5uv00720cmao0bdcuh7', 0, 480, 600, 'cmahpq5uv000e0cmauosuu8g9'),
  ('cmahpq5uv00730cmabrtwb40m', 1, 540, 660, 'cmahpq5uv000e0cmauosuu8g9'),
  ('cmahpq5uv00740cmauosuu8g9', 2, 600, 720, 'cmahpq5uv000e0cmauosuu8g9'),
  ('cmahpq5uv00750cma3k7hf5vy', 3, 480, 600, 'cmahpq5uv000f0cma3k7hf5vy'),
  ('cmahpq5uv00760cmayz8584rm', 4, 540, 660, 'cmahpq5uv000f0cma3k7hf5vy'),
  ('cmahpq5uv00770cmak8qliwp2', 5, 600, 720, 'cmahpq5uv000f0cma3k7hf5vy'),
  ('cmahpq5uv00780cmao0bdcuh7', 6, 480, 600, 'cmahpq5uv00100cmayz8584rm'),
  ('cmahpq5uv00790cmabrtwb40m', 0, 540, 660, 'cmahpq5uv00100cmayz8584rm'),
  ('cmahpq5uv007a0cmauosuu8g9', 1, 600, 720, 'cmahpq5uv00100cmayz8584rm'),
  ('cmahpq5uv007b0cma3k7hf5vy', 2, 480, 600, 'cmahpq5uv00110cmak8qliwp2'),
  ('cmahpq5uv007c0cmayz8584rm', 3, 540, 660, 'cmahpq5uv00110cmak8qliwp2'),
  ('cmahpq5uv007d0cmak8qliwp2', 4, 600, 720, 'cmahpq5uv00110cmak8qliwp2'),
  ('cmahpq5uv007e0cmao0bdcuh7', 5, 480, 600, 'cmahpq5uv00120cmao0bdcuh7'),
  ('cmahpq5uv007f0cmabrtwb40m', 6, 540, 660, 'cmahpq5uv00120cmao0bdcuh7'),
  ('cmahpq5uv00800cmauosuu8g9', 0, 600, 720, 'cmahpq5uv00120cmao0bdcuh7'),
  ('cmahpq5uv00810cma3k7hf5vy', 1, 480, 600, 'cmahpq5uv00130cmabrtwb40m'),
  ('cmahpq5uv00820cmayz8584rm', 2, 540, 660, 'cmahpq5uv00130cmabrtwb40m'),
  ('cmahpq5uv00830cmak8qliwp2', 3, 600, 720, 'cmahpq5uv00130cmabrtwb40m'),
  ('cmahpq5uv00840cmao0bdcuh7', 4, 480, 600, 'cmahpq5uv00140cmauosuu8g9'),
  ('cmahpq5uv00850cmabrtwb40m', 5, 540, 660, 'cmahpq5uv00140cmauosuu8g9'),
  ('cmahpq5uv00860cmauosuu8g9', 6, 600, 720, 'cmahpq5uv00140cmauosuu8g9'),
  ('cmahpq5uv00870cma3k7hf5vy', 0, 480, 600, 'cmahpq5uv00150cma3k7hf5vy'),
  ('cmahpq5uv00880cmayz8584rm', 1, 540, 660, 'cmahpq5uv00150cma3k7hf5vy'),
  ('cmahpq5uv00890cmak8qliwp2', 2, 600, 720, 'cmahpq5uv00150cma3k7hf5vy'),
  ('cmahpq5uv008a0cmao0bdcuh7', 3, 480, 600, 'cmahpq5uv00160cmayz8584rm'),
  ('cmahpq5uv008b0cmabrtwb40m', 4, 540, 660, 'cmahpq5uv00160cmayz8584rm'),
  ('cmahpq5uv008c0cmauosuu8g9', 5, 600, 720, 'cmahpq5uv00160cmayz8584rm'),
  ('cmahpq5uv008d0cma3k7hf5vy', 6, 480, 600, 'cmahpq5uv00170cmak8qliwp2'),
  ('cmahpq5uv008e0cmayz8584rm', 0, 540, 660, 'cmahpq5uv00170cmak8qliwp2'),
  ('cmahpq5uv008f0cmak8qliwp2', 1, 600, 720, 'cmahpq5uv00170cmak8qliwp2'),
  ('cmahpq5uv00900cmao0bdcuh7', 2, 480, 600, 'cmahpq5uv00180cmao0bdcuh7'),
  ('cmahpq5uv00910cmabrtwb40m', 3, 540, 660, 'cmahpq5uv00180cmao0bdcuh7'),
  ('cmahpq5uv00920cmauosuu8g9', 4, 600, 720, 'cmahpq5uv00180cmao0bdcuh7'),
  ('cmahpq5uv00930cma3k7hf5vy', 5, 480, 600, 'cmahpq5uv00190cmabrtwb40m'),
  ('cmahpq5uv00940cmayz8584rm', 6, 540, 660, 'cmahpq5uv00190cmabrtwb40m'),
  ('cmahpq5uv00950cmak8qliwp2', 0, 600, 720, 'cmahpq5uv00190cmabrtwb40m'),
  ('cmahpq5uv00960cmao0bdcuh7', 1, 480, 600, 'cmahpq5uv001a0cmauosuu8g9'),
  ('cmahpq5uv00970cmabrtwb40m', 2, 540, 660, 'cmahpq5uv001a0cmauosuu8g9'),
  ('cmahpq5uv00980cmauosuu8g9', 3, 600, 720, 'cmahpq5uv001a0cmauosuu8g9'),
  ('cmahpq5uv00990cma3k7hf5vy', 4, 480, 600, 'cmahpq5uv001b0cma3k7hf5vy'),
  ('cmahpq5uv009a0cmayz8584rm', 5, 540, 660, 'cmahpq5uv001b0cma3k7hf5vy'),
  ('cmahpq5uv009b0cmak8qliwp2', 6, 600, 720, 'cmahpq5uv001b0cma3k7hf5vy'),
  ('cmahpq5uv009c0cmao0bdcuh7', 0, 480, 600, 'cmahpq5uv001c0cmayz8584rm'),
  ('cmahpq5uv009d0cmabrtwb40m', 1, 540, 660, 'cmahpq5uv001c0cmayz8584rm'),
  ('cmahpq5uv009e0cmauosuu8g9', 2, 600, 720, 'cmahpq5uv001c0cmayz8584rm'),
  ('cmahpq5uv009f0cma3k7hf5vy', 3, 480, 600, 'cmahpq5uv001d0cmak8qliwp2'),
  ('cmahpq5uv00a00cmayz8584rm', 4, 540, 660, 'cmahpq5uv001d0cmak8qliwp2'),
  ('cmahpq5uv00a10cmak8qliwp2', 5, 600, 720, 'cmahpq5uv001d0cmak8qliwp2'),
  ('cmahpq5uv00a20cmao0bdcuh7', 6, 480, 600, 'cmahpq5uv001e0cmao0bdcuh7'),
  ('cmahpq5uv00a30cmabrtwb40m', 0, 540, 660, 'cmahpq5uv001e0cmao0bdcuh7'),
  ('cmahpq5uv00a40cmauosuu8g9', 1, 600, 720, 'cmahpq5uv001e0cmao0bdcuh7'),
  ('cmahpq5uv00a50cma3k7hf5vy', 2, 480, 600, 'cmahpq5uv001f0cmabrtwb40m'),
  ('cmahpq5uv00a60cmayz8584rm', 3, 540, 660, 'cmahpq5uv001f0cmabrtwb40m'),
  ('cmahpq5uv00a70cmak8qliwp2', 4, 600, 720, 'cmahpq5uv001f0cmabrtwb40m'),
  ('cmahpq5uv00a80cmao0bdcuh7', 5, 480, 600, 'cmahpq5uv00200cmauosuu8g9'),
  ('cmahpq5uv00a90cmabrtwb40m', 6, 540, 660, 'cmahpq5uv00200cmauosuu8g9'),
  ('cmahpq5uv00aa0cmauosuu8g9', 0, 600, 720, 'cmahpq5uv00200cmauosuu8g9'),
  ('cmahpq5uv00ab0cma3k7hf5vy', 1, 480, 600, 'cmahpq5uv00210cma3k7hf5vy'),
  ('cmahpq5uv00ac0cmayz8584rm', 2, 540, 660, 'cmahpq5uv00210cma3k7hf5vy'),
  ('cmahpq5uv00ad0cmak8qliwp2', 3, 600, 720, 'cmahpq5uv00210cma3k7hf5vy'),
  ('cmahpq5uv00ae0cmao0bdcuh7', 4, 480, 600, 'cmahpq5uv00220cmayz8584rm'),
  ('cmahpq5uv00af0cmabrtwb40m', 5, 540, 660, 'cmahpq5uv00220cmayz8584rm'),
  ('cmahpq5uv00b00cmauosuu8g9', 6, 600, 720, 'cmahpq5uv00220cmayz8584rm'),
  ('cmahpq5uv00b10cma3k7hf5vy', 0, 480, 600, 'cmahpq5uv00230cmak8qliwp2'),
  ('cmahpq5uv00b20cmayz8584rm', 1, 540, 660, 'cmahpq5uv00230cmak8qliwp2'),
  ('cmahpq5uv00b30cmak8qliwp2', 2, 600, 720, 'cmahpq5uv00230cmak8qliwp2'),
  ('cmahpq5uv00b40cmao0bdcuh7', 3, 480, 600, 'cmahpq5uv00240cmao0bdcuh7'),
  ('cmahpq5uv00b50cmabrtwb40m', 4, 540, 660, 'cmahpq5uv00240cmao0bdcuh7'),
  ('cmahpq5uv00b60cmauosuu8g9', 5, 600, 720, 'cmahpq5uv00240cmao0bdcuh7'),
  ('cmahpq5uv00b70cma3k7hf5vy', 6, 480, 600, 'cmahpq5uv00250cmabrtwb40m'),
  ('cmahpq5uv00b80cmayz8584rm', 0, 540, 660, 'cmahpq5uv00250cmabrtwb40m'),
  ('cmahpq5uv00b90cmak8qliwp2', 1, 600, 720, 'cmahpq5uv00250cmabrtwb40m'),
  ('cmahpq5uv00ba0cmao0bdcuh7', 2, 480, 600, 'cmahpq5uv00260cmauosuu8g9'),
  ('cmahpq5uv00bb0cmabrtwb40m', 3, 540, 660, 'cmahpq5uv00260cmauosuu8g9'),
  ('cmahpq5uv00bc0cmauosuu8g9', 4, 600, 720, 'cmahpq5uv00260cmauosuu8g9'),
  ('cmahpq5uv00bd0cma3k7hf5vy', 5, 480, 600, 'cmahpq5uv00270cma3k7hf5vy'),
  ('cmahpq5uv00be0cmayz8584rm', 6, 540, 660, 'cmahpq5uv00270cma3k7hf5vy'),
  ('cmahpq5uv00bf0cmak8qliwp2', 0, 600, 720, 'cmahpq5uv00270cma3k7hf5vy'),
  ('cmahpq5uv00c00cmao0bdcuh7', 1, 480, 600, 'cmahpq5uv00280cmayz8584rm'),
  ('cmahpq5uv00c10cmabrtwb40m', 2, 540, 660, 'cmahpq5uv00280cmayz8584rm'),
  ('cmahpq5uv00c20cmauosuu8g9', 3, 600, 720, 'cmahpq5uv00280cmayz8584rm'),
  ('cmahpq5uv00c30cma3k7hf5vy', 4, 480, 600, 'cmahpq5uv00290cmak8qliwp2'),
  ('cmahpq5uv00c40cmayz8584rm', 5, 540, 660, 'cmahpq5uv00290cmak8qliwp2'),
  ('cmahpq5uv00c50cmak8qliwp2', 6, 600, 720, 'cmahpq5uv00290cmak8qliwp2'),
  ('cmahpq5uv00c60cmao0bdcuh7', 0, 480, 600, 'cmahpq5uv002a0cmao0bdcuh7'),
  ('cmahpq5uv00c70cmabrtwb40m', 1, 540, 660, 'cmahpq5uv002a0cmao0bdcuh7'),
  ('cmahpq5uv00c80cmauosuu8g9', 2, 600, 720, 'cmahpq5uv002a0cmao0bdcuh7'),
  ('cmahpq5uv00c90cma3k7hf5vy', 3, 480, 600, 'cmahpq5uv002b0cmabrtwb40m'),
  ('cmahpq5uv00ca0cmayz8584rm', 4, 540, 660, 'cmahpq5uv002b0cmabrtwb40m'),
  ('cmahpq5uv00cb0cmak8qliwp2', 5, 600, 720, 'cmahpq5uv002b0cmabrtwb40m'),
  ('cmahpq5uv00cc0cmao0bdcuh7', 6, 480, 600, 'cmahpq5uv002c0cmauosuu8g9'),
  ('cmahpq5uv00cd0cmabrtwb40m', 0, 540, 660, 'cmahpq5uv002c0cmauosuu8g9'),
  ('cmahpq5uv00ce0cmauosuu8g9', 1, 600, 720, 'cmahpq5uv002c0cmauosuu8g9'),
  ('cmahpq5uv00cf0cma3k7hf5vy', 2, 480, 600, 'cmahpq5uv002d0cma3k7hf5vy'),
  ('cmahpq5uv00d00cmayz8584rm', 3, 540, 660, 'cmahpq5uv002d0cma3k7hf5vy'),
  ('cmahpq5uv00d10cmak8qliwp2', 4, 600, 720, 'cmahpq5uv002d0cma3k7hf5vy'),
  ('cmahpq5uv00d20cmao0bdcuh7', 5, 480, 600, 'cmahpq5uv002e0cmayz8584rm'),
  ('cmahpq5uv00d30cmabrtwb40m', 6, 540, 660, 'cmahpq5uv002e0cmayz8584rm'),
  ('cmahpq5uv00d40cmauosuu8g9', 0, 600, 720, 'cmahpq5uv002e0cmayz8584rm'),
  ('cmahpq5uv00d50cma3k7hf5vy', 1, 480, 600, 'cmahpq5uv002f0cmak8qliwp2'),
  ('cmahpq5uv00d60cmayz8584rm', 2, 540, 660, 'cmahpq5uv002f0cmak8qliwp2'),
  ('cmahpq5uv00d70cmak8qliwp2', 3, 600, 720, 'cmahpq5uv002f0cmak8qliwp2'),
  ('cmahpq5uv00d80cmao0bdcuh7', 4, 480, 600, 'cmahpq5uv00300cmao0bdcuh7'),
  ('cmahpq5uv00d90cmabrtwb40m', 5, 540, 660, 'cmahpq5uv00300cmao0bdcuh7'),
  ('cmahpq5uv00da0cmauosuu8g9', 6, 600, 720, 'cmahpq5uv00300cmao0bdcuh7'),
  ('cmahpq5uv00db0cma3k7hf5vy', 0, 480, 600, 'cmahpq5uv00310cmabrtwb40m'),
  ('cmahpq5uv00dc0cmayz8584rm', 1, 540, 660, 'cmahpq5uv00310cmabrtwb40m'),
  ('cmahpq5uv00dd0cmak8qliwp2', 2, 600, 720, 'cmahpq5uv00310cmabrtwb40m'),
  ('cmahpq5uv00de0cmao0bdcuh7', 3, 480, 600, 'cmahpq5uv00320cmauosuu8g9'),
  ('cmahpq5uv00df0cmabrtwb40m', 4, 540, 660, 'cmahpq5uv00320cmauosuu8g9'),
  ('cmahpq5uv00e00cmauosuu8g9', 5, 600, 720, 'cmahpq5uv00320cmauosuu8g9'),
  ('cmahpq5uv00e10cma3k7hf5vy', 6, 480, 600, 'cmahpq5uv00330cma3k7hf5vy'),
  ('cmahpq5uv00e20cmayz8584rm', 0, 540, 660, 'cmahpq5uv00330cma3k7hf5vy'),
  ('cmahpq5uv00e30cmak8qliwp2', 1, 600, 720, 'cmahpq5uv00330cma3k7hf5vy'),
  ('cmahpq5uv00e40cmao0bdcuh7', 2, 480, 600, 'cmahpq5uv00340cmayz8584rm'),
  ('cmahpq5uv00e50cmabrtwb40m', 3, 540, 660, 'cmahpq5uv00340cmayz8584rm'),
  ('cmahpq5uv00e60cmauosuu8g9', 4, 600, 720, 'cmahpq5uv00340cmayz8584rm'),
  ('cmahpq5uv00e70cma3k7hf5vy', 5, 480, 600, 'cmahpq5uv00350cmak8qliwp2'),
  ('cmahpq5uv00e80cmayz8584rm', 6, 540, 660, 'cmahpq5uv00350cmak8qliwp2'),
  ('cmahpq5uv00e90cmak8qliwp2', 0, 600, 720, 'cmahpq5uv00350cmak8qliwp2'),
  ('cmahpq5uv00ea0cmao0bdcuh7', 1, 480, 600, 'cmahpq5uv00360cmao0bdcuh7'),
  ('cmahpq5uv00eb0cmabrtwb40m', 2, 540, 660, 'cmahpq5uv00360cmao0bdcuh7'),
  ('cmahpq5uv00ec0cmauosuu8g9', 3, 600, 720, 'cmahpq5uv00360cmao0bdcuh7'),
  ('cmahpq5uv00ed0cma3k7hf5vy', 4, 480, 600, 'cmahpq5uv00370cmabrtwb40m'),
  ('cmahpq5uv00ee0cmayz8584rm', 5, 540, 660, 'cmahpq5uv00370cmabrtwb40m'),
  ('cmahpq5uv00ef0cmak8qliwp2', 6, 600, 720, 'cmahpq5uv00370cmabrtwb40m'),
  ('cmahpq5uv00f00cmao0bdcuh7', 0, 480, 600, 'cmahpq5uv00380cmauosuu8g9'),
  ('cmahpq5uv00f10cmabrtwb40m', 1, 540, 660, 'cmahpq5uv00380cmauosuu8g9'),
  ('cmahpq5uv00f20cmauosuu8g9', 2, 600, 720, 'cmahpq5uv00380cmauosuu8g9'),
  ('cmahpq5uv00f30cma3k7hf5vy', 3, 480, 600, 'cmahpq5uv00390cma3k7hf5vy'),
  ('cmahpq5uv00f40cmayz8584rm', 4, 540, 660, 'cmahpq5uv00390cma3k7hf5vy'),
  ('cmahpq5uv00f50cmak8qliwp2', 5, 600, 720, 'cmahpq5uv00390cma3k7hf5vy'),
  ('cmahpq5uv00f60cmao0bdcuh7', 6, 480, 600, 'cmahpq5uv003a0cmayz8584rm'),
  ('cmahpq5uv00f70cmabrtwb40m', 0, 540, 660, 'cmahpq5uv003a0cmayz8584rm'),
  ('cmahpq5uv00f80cmauosuu8g9', 1, 600, 720, 'cmahpq5uv003a0cmayz8584rm'),
  ('cmahpq5uv00f90cma3k7hf5vy', 2, 480, 600, 'cmahpq5uv003b0cmak8qliwp2'),
  ('cmahpq5uv00fa0cmayz8584rm', 3, 540, 660, 'cmahpq5uv003b0cmak8qliwp2'),
  ('cmahpq5uv00fb0cmak8qliwp2', 4, 600, 720, 'cmahpq5uv003b0cmak8qliwp2'),
  ('cmahpq5uv00fc0cmao0bdcuh7', 5, 480, 600, 'cmahpq5uv003c0cmao0bdcuh7'),
  ('cmahpq5uv00fd0cmabrtwb40m', 6, 540, 660, 'cmahpq5uv003c0cmao0bdcuh7'),
  ('cmahpq5uv00fe0cmauosuu8g9', 0, 600, 720, 'cmahpq5uv003c0cmao0bdcuh7'),
  ('cmahpq5uv00ff0cma3k7hf5vy', 1, 480, 600, 'cmahpq5uv003d0cmabrtwb40m'),
  ('cmahpq5uv00fg0cmayz8584rm', 2, 540, 660, 'cmahpq5uv003d0cmabrtwb40m'),
  ('cmahpq5uv00fh0cmak8qliwp2', 3, 600, 720, 'cmahpq5uv003d0cmabrtwb40m'),
  ('cmahpq5uv00fi0cmao0bdcuh7', 4, 480, 600, 'cmahpq5uv003e0cmauosuu8g9'),
  ('cmahpq5uv00fj0cmabrtwb40m', 5, 540, 660, 'cmahpq5uv003e0cmauosuu8g9'),
  ('cmahpq5uv00fk0cmauosuu8g9', 6, 600, 720, 'cmahpq5uv003e0cmauosuu8g9'),
  ('cmahpq5uv00fl0cma3k7hf5vy', 0, 480, 600, 'cmahpq5uv003f0cma3k7hf5vy'),
  ('cmahpq5uv00fm0cmayz8584rm', 1, 540, 660, 'cmahpq5uv003f0cma3k7hf5vy'),
  ('cmahpq5uv00fn0cmak8qliwp2', 2, 600, 720, 'cmahpq5uv003f0cma3k7hf5vy'),
  ('cmahpq5uv00fo0cmao0bdcuh7', 3, 480, 600, 'cmahpq5uv00400cmayz8584rm'),
  ('cmahpq5uv00fp0cmabrtwb40m', 4, 540, 660, 'cmahpq5uv00400cmayz8584rm'),
  ('cmahpq5uv00fq0cmauosuu8g9', 5, 600, 720, 'cmahpq5uv00400cmayz8584rm'),
  ('cmahpq5uv00fr0cma3k7hf5vy', 6, 480, 600, 'cmahpq5uv00410cmak8qliwp2'),
  ('cmahpq5uv00fs0cmayz8584rm', 0, 540, 660, 'cmahpq5uv00410cmak8qliwp2'),
  ('cmahpq5uv00ft0cmak8qliwp2', 1, 600, 720, 'cmahpq5uv00410cmak8qliwp2'),
  ('cmahpq5uv00fu0cmao0bdcuh7', 2, 480, 600, 'cmahpq5uv00420cmao0bdcuh7'),
  ('cmahpq5uv00fv0cmabrtwb40m', 3, 540, 660, 'cmahpq5uv00420cmao0bdcuh7'),
  ('cmahpq5uv00fw0cmauosuu8g9', 4, 600, 720, 'cmahpq5uv00420cmao0bdcuh7'),
  ('cmahpq5uv00fx0cma3k7hf5vy', 5, 480, 600, 'cmahpq5uv00430cmabrtwb40m'),
  ('cmahpq5uv00fy0cmayz8584rm', 6, 540, 660, 'cmahpq5uv00430cmabrtwb40m'),
  ('cmahpq5uv00fz0cmak8qliwp2', 0, 600, 720, 'cmahpq5uv00430cmabrtwb40m'),
  ('cmahpq5uv00g00cmao0bdcuh7', 1, 480, 600, 'cmahpq5uv00440cmauosuu8g9'),
  ('cmahpq5uv00g10cmabrtwb40m', 2, 540, 660, 'cmahpq5uv00440cmauosuu8g9'),
  ('cmahpq5uv00g20cmauosuu8g9', 3, 600, 720, 'cmahpq5uv00440cmauosuu8g9'),
  ('cmahpq5uv00g30cma3k7hf5vy', 4, 480, 600, 'cmahpq5uv00450cma3k7hf5vy'),
  ('cmahpq5uv00g40cmayz8584rm', 5, 540, 660, 'cmahpq5uv00450cma3k7hf5vy'),
  ('cmahpq5uv00g50cmak8qliwp2', 6, 600, 720, 'cmahpq5uv00450cma3k7hf5vy'),
  ('cmahpq5uv00g60cmao0bdcuh7', 0, 480, 600, 'cmahpq5uv00460cmayz8584rm'),
  ('cmahpq5uv00g70cmabrtwb40m', 1, 540, 660, 'cmahpq5uv00460cmayz8584rm'),
  ('cmahpq5uv00g80cmauosuu8g9', 2, 600, 720, 'cmahpq5uv00460cmayz8584rm'),
  ('cmahpq5uv00g90cma3k7hf5vy', 3, 480, 600, 'cmahpq5uv00470cmak8qliwp2'),
  ('cmahpq5uv00ga0cmayz8584rm', 4, 540, 660, 'cmahpq5uv00470cmak8qliwp2'),
  ('cmahpq5uv00gb0cmak8qliwp2', 5, 600, 720, 'cmahpq5uv00470cmak8qliwp2');

-- Seed `connections` data
INSERT INTO "connections" ("id", "user_id") VALUES
  ('cmahpq5uv00gc0cmao0bdcuh7', 'cmahlxtt200010clb39la0x4u'),
  ('cmahpq5uv00gd0cmabrtwb40m', 'cmahlxtt200010clb39la0x4u'),
  ('cmahpq5uv00ge0cmauosuu8g9', 'cmahlxtt200010clb39la0x4u'),
  ('cmahpq5uv00gf0cma3k7hf5vy', 'cmahlxtt200010clb39la0x4u'),
  ('cmahpq5uv00gg0cmayz8584rm', 'cmahlxtt200010clb39la0x4u'),
  ('cmahpq5uv00gh0cmak8qliwp2', 'cmahlxtt200010clb39la0x4u'),
  ('cmahpq5uv00gi0cmao0bdcuh7', 'cmahlxtt200010clb39la0x4u'),
  ('cmahpq5uv00gj0cmabrtwb40m', 'cmahlxtt200010clb39la0x4u'),
  ('cmahpq5uv00gk0cmauosuu8g9', 'cmahlxtt200010clb39la0x4u'),
  ('cmahpq5uv00gl0cma3k7hf5vy', 'cmahlxtt200010clb39la0x4u'),
  ('cmahpq5uv00gm0cmayz8584rm', 'cmahlxtt200010clb39la0x4u'),
  ('cmahpq5uv00gn0cmak8qliwp2', 'cmahlxtt200010clb39la0x4u'),
  ('cmahpq5uv00go0cmao0bdcuh7', 'cmahlxtt200010clb39la0x4u'),
  ('cmahpq5uv00gp0cmabrtwb40m', 'cmahlxtt200010clb39la0x4u'),
  ('cmahpq5uv00gq0cmauosuu8g9', 'cmahlxtt200010clb39la0x4u'),
  ('cmahpq5uv00gr0cma3k7hf5vy', 'cmahm8moh00000cjp4yy83fd7'),
  ('cmahpq5uv00gs0cmayz8584rm', 'cmahm8moh00000cjp4yy83fd7'),
  ('cmahpq5uv00gt0cmak8qliwp2', 'cmahm8moh00000cjp4yy83fd7'),
  ('cmahpq5uv00gu0cmao0bdcuh7', 'cmahm8moh00000cjp4yy83fd7'),
  ('cmahpq5uv00gv0cmabrtwb40m', 'cmahm8moh00000cjp4yy83fd7'),
  ('cmahpq5uv00gw0cmauosuu8g9', 'cmahm8moh00000cjp4yy83fd7'),
  ('cmahpq5uv00gx0cma3k7hf5vy', 'cmahm8moh00000cjp4yy83fd7'),
  ('cmahpq5uv00gy0cmayz8584rm', 'cmahm8moh00000cjp4yy83fd7'),
  ('cmahpq5uv00gz0cmak8qliwp2', 'cmahm8moh00000cjp4yy83fd7'),
  ('cmahpq5uv00h00cmao0bdcuh7', 'cmahm8moh00000cjp4yy83fd7'),
  ('cmahpq5uv00h10cmabrtwb40m', 'cmahm8moh00000cjp4yy83fd7'),
  ('cmahpq5uv00h20cmauosuu8g9', 'cmahm8moh00000cjp4yy83fd7'),
  ('cmahpq5uv00h30cma3k7hf5vy', 'cmahm8moh00000cjp4yy83fd7'),
  ('cmahpq5uv00h40cmayz8584rm', 'cmahm8moh00000cjp4yy83fd7'),
  ('cmahpq5uv00h50cmak8qliwp2', 'cmahm8moh00000cjp4yy83fd7'),
  ('cmahpq5uv00h60cmao0bdcuh7', 'cmahm8moh00000cjp4yy83fd7'),
  ('cmahpq5uv00h70cmabrtwb40m', 'cmahma4yv00010cjv9qlb0y8n'),
  ('cmahpq5uv00h80cmauosuu8g9', 'cmahma4yv00010cjv9qlb0y8n'),
  ('cmahpq5uv00h90cma3k7hf5vy', 'cmahma4yv00010cjv9qlb0y8n'),
  ('cmahpq5uv00ha0cmayz8584rm', 'cmahma4yv00010cjv9qlb0y8n'),
  ('cmahpq5uv00hb0cmak8qliwp2', 'cmahma4yv00010cjv9qlb0y8n'),
  ('cmahpq5uv00hc0cmao0bdcuh7', 'cmahma4yv00010cjv9qlb0y8n'),
  ('cmahpq5uv00hd0cmabrtwb40m', 'cmahma4yv00010cjv9qlb0y8n'),
  ('cmahpq5uv00he0cmauosuu8g9', 'cmahma4yv00010cjv9qlb0y8n'),
  ('cmahpq5uv00hf0cma3k7hf5vy', 'cmahma4yv00010cjv9qlb0y8n'),
  ('cmahpq5uv00hg0cmayz8584rm', 'cmahma4yv00010cjv9qlb0y8n'),
  ('cmahpq5uv00hh0cmak8qliwp2', 'cmahma4yv00010cjv9qlb0y8n'),
  ('cmahpq5uv00hi0cmao0bdcuh7', 'cmahma4yv00010cjv9qlb0y8n'),
  ('cmahpq5uv00hj0cmabrtwb40m', 'cmahma4yv00010cjv9qlb0y8n'),
  ('cmahpq5uv00hk0cmauosuu8g9', 'cmahma4yv00010cjv9qlb0y8n'),
  ('cmahpq5uv00hl0cma3k7hf5vy', 'cmahma4yv00010cjv9qlb0y8n'),
  ('cmahpq5uv00hm0cmayz8584rm', 'cmahma4yv00010cjv9qlb0y8n'),
  ('cmahpq5uv00hn0cmak8qliwp2', 'cmahma4yv00010cjv9qlb0y8n'),
  ('cmahpq5uv00ho0cmao0bdcuh7', 'cmahma4yv00010cjv9qlb0y8n'),
  ('cmahpq5uv00hp0cmabrtwb40m', 'cmahma4yv00010cjv9qlb0y8n'),
  ('cmahpq5uv00hq0cmauosuu8g9', 'cmahma4yv00010cjv9qlb0y8n'),
  ('cmahpq5uv00hr0cma3k7hf5vy', 'cmahma4yv00010cjv9qlb0y8n'),
  ('cmahpq5uv00hs0cmayz8584rm', 'cmahma4yv00010cjv9qlb0y8n'),
  ('cmahpq5uv00ht0cmak8qliwp2', 'cmahma4yv00010cjv9qlb0y8n'),
  ('cmahpq5uv00hu0cmao0bdcuh7', 'cmahmb0pi00020cjv3iwz8tjb'),
  ('cmahpq5uv00hv0cmabrtwb40m', 'cmahmb0pi00020cjv3iwz8tjb'),
  ('cmahpq5uv00hw0cmauosuu8g9', 'cmahmb0pi00020cjv3iwz8tjb'),
  ('cmahpq5uv00hx0cma3k7hf5vy', 'cmahmb0pi00020cjv3iwz8tjb'),
  ('cmahpq5uv00hy0cmayz8584rm', 'cmahmb0pi00020cjv3iwz8tjb'),
  ('cmahpq5uv00hz0cmak8qliwp2', 'cmahmb0pi00020cjv3iwz8tjb'),
  ('cmahpq5uv00i00cmao0bdcuh7', 'cmahmb0pi00020cjv3iwz8tjb'),
  ('cmahpq5uv00i10cmabrtwb40m', 'cmahmb0pi00020cjv3iwz8tjb'),
  ('cmahpq5uv00i20cmauosuu8g9', 'cmahmb0pi00020cjv3iwz8tjb'),
  ('cmahpq5uv00i30cma3k7hf5vy', 'cmahmb0pi00020cjv3iwz8tjb'),
  ('cmahpq5uv00i40cmayz8584rm', 'cmahmb0pi00020cjv3iwz8tjb'),
  ('cmahpq5uv00i50cmak8qliwp2', 'cmahmb0pi00020cjv3iwz8tjb'),
  ('cmahpq5uv00i60cmao0bdcuh7', 'cmahmb0pi00020cjv3iwz8tjb'),
  ('cmahpq5uv00i70cmabrtwb40m', 'cmahmb0pi00020cjv3iwz8tjb'),
  ('cmahpq5uv00i80cmauosuu8g9', 'cmahmb0pi00020cjv3iwz8tjb'),
  ('cmahpq5uv00i90cma3k7hf5vy', 'cmahmb0pi00020cjv3iwz8tjb'),
  ('cmahpq5uv00ia0cmayz8584rm', 'cmahmb0pi00020cjv3iwz8tjb'),
  ('cmahpq5uv00ib0cmak8qliwp2', 'cmahmc94k00030cjv2kxhe9i4'),
  ('cmahpq5uv00ic0cmao0bdcuh7', 'cmahmc94k00030cjv2kxhe9i4'),
  ('cmahpq5uv00id0cmabrtwb40m', 'cmahmc94k00030cjv2kxhe9i4'),
  ('cmahpq5uv00ie0cmauosuu8g9', 'cmahmc94k00030cjv2kxhe9i4'),
  ('cmahpq5uv00if0cma3k7hf5vy', 'cmahmc94k00030cjv2kxhe9i4'),
  ('cmahpq5uv00ig0cmayz8584rm', 'cmahmc94k00030cjv2kxhe9i4'),
  ('cmahpq5uv00ih0cmak8qliwp2', 'cmahmc94k00030cjv2kxhe9i4'),
  ('cmahpq5uv00ii0cmao0bdcuh7', 'cmahmc94k00030cjv2kxhe9i4'),
  ('cmahpq5uv00ij0cmabrtwb40m', 'cmahmc94k00030cjv2kxhe9i4'),
  ('cmahpq5uv00ik0cmauosuu8g9', 'cmahmc94k00030cjv2kxhe9i4'),
  ('cmahpq5uv00il0cma3k7hf5vy', 'cmahmc94k00030cjv2kxhe9i4'),
  ('cmahpq5uv00im0cmayz8584rm', 'cmahmc94k00030cjv2kxhe9i4'),
  ('cmahpq5uv00in0cmak8qliwp2', 'cmahmc94k00030cjv2kxhe9i4'),
  ('cmahpq5uv00io0cmao0bdcuh7', 'cmahmc94k00030cjv2kxhe9i4'),
  ('cmahpq5uv00ip0cmabrtwb40m', 'cmahmc94k00030cjv2kxhe9i4'),
  ('cmahpq5uv00iq0cmauosuu8g9', 'cmahmd0wn00040cjvb9ow246l'),
  ('cmahpq5uv00ir0cma3k7hf5vy', 'cmahmd0wn00040cjvb9ow246l'),
  ('cmahpq5uv00is0cmayz8584rm', 'cmahmd0wn00040cjvb9ow246l'),
  ('cmahpq5uv00it0cmak8qliwp2', 'cmahmd0wn00040cjvb9ow246l'),
  ('cmahpq5uv00iu0cmao0bdcuh7', 'cmahmd0wn00040cjvb9ow246l'),
  ('cmahpq5uv00iv0cmabrtwb40m', 'cmahmd0wn00040cjvb9ow246l'),
  ('cmahpq5uv00iw0cmauosuu8g9', 'cmahmd0wn00040cjvb9ow246l'),
  ('cmahpq5uv00ix0cma3k7hf5vy', 'cmahmd0wn00040cjvb9ow246l'),
  ('cmahpq5uv00iy0cmayz8584rm', 'cmahmd0wn00040cjvb9ow246l'),
  ('cmahpq5uv00iz0cmak8qliwp2', 'cmahmd0wn00040cjvb9ow246l'),
  ('cmahpq5uv00j00cmao0bdcuh7', 'cmahmd0wn00040cjvb9ow246l'),
  ('cmahpq5uv00j10cmabrtwb40m', 'cmahmd0wn00040cjvb9ow246l'),
  ('cmahpq5uv00j20cmauosuu8g9', 'cmahmd0wn00040cjvb9ow246l'),
  ('cmahpq5uv00j30cma3k7hf5vy', 'cmahmd0wn00040cjvb9ow246l'),
  ('cmahpq5uv00j40cmayz8584rm', 'cmahmd0wn00040cjvb9ow246l'),
  ('cmahpq5uv00j50cmak8qliwp2', 'cmahmd0wn00040cjvb9ow246l'),
  ('cmahpq5uv00j60cmao0bdcuh7', 'cmahmd0wn00040cjvb9ow246l'),
  ('cmahpq5uv00j70cmabrtwb40m', 'cmahmd0wn00040cjvb9ow246l'),
  ('cmahpq5uv00j80cmauosuu8g9', 'cmahmd0wn00040cjvb9ow246l'),
  ('cmahpq5uv00j90cma3k7hf5vy', 'cmahmd0wn00040cjvb9ow246l'),
  ('cmahpq5uv00ja0cmayz8584rm', 'cmahmdu8v00050cjvbndu2fh0'),
  ('cmahpq5uv00jb0cmak8qliwp2', 'cmahmdu8v00050cjvbndu2fh0'),
  ('cmahpq5uv00jc0cmao0bdcuh7', 'cmahmdu8v00050cjvbndu2fh0'),
  ('cmahpq5uv00jd0cmabrtwb40m', 'cmahmdu8v00050cjvbndu2fh0'),
  ('cmahpq5uv00je0cmauosuu8g9', 'cmahmdu8v00050cjvbndu2fh0'),
  ('cmahpq5uv00jf0cma3k7hf5vy', 'cmahmdu8v00050cjvbndu2fh0'),
  ('cmahpq5uv00jg0cmayz8584rm', 'cmahmdu8v00050cjvbndu2fh0'),
  ('cmahpq5uv00jh0cmak8qliwp2', 'cmahmdu8v00050cjvbndu2fh0'),
  ('cmahpq5uv00ji0cmao0bdcuh7', 'cmahmdu8v00050cjvbndu2fh0'),
  ('cmahpq5uv00jj0cmabrtwb40m', 'cmahmdu8v00050cjvbndu2fh0'),
  ('cmahpq5uv00jk0cmauosuu8g9', 'cmahmdu8v00050cjvbndu2fh0'),
  ('cmahpq5uv00jl0cma3k7hf5vy', 'cmahmdu8v00050cjvbndu2fh0'),
  ('cmahpq5uv00jm0cmayz8584rm', 'cmahmdu8v00050cjvbndu2fh0'),
  ('cmahpq5uv00jn0cmak8qliwp2', 'cmahmdu8v00050cjvbndu2fh0'),
  ('cmahpq5uv00jo0cmao0bdcuh7', 'cmahmdu8v00050cjvbndu2fh0'),
  ('cmahpq5uv00jp0cmabrtwb40m', 'cmahmdu8v00050cjvbndu2fh0'),
  ('cmahpq5uv00jq0cmauosuu8g9', 'cmahmdu8v00050cjvbndu2fh0'),
  ('cmahpq5uv00jr0cma3k7hf5vy', 'cmahmdu8v00050cjvbndu2fh0'),
  ('cmahpq5uv00js0cmayz8584rm', 'cmahmdu8v00050cjvbndu2fh0'),
  ('cmahpq5uv00jt0cmak8qliwp2', 'cmahmdu8v00050cjvbndu2fh0'),
  ('cmahpq5uv00ju0cmao0bdcuh7', 'cmahmdu8v00050cjvbndu2fh0'),
  ('cmahpq5uv00jv0cmabrtwb40m', 'cmahmdu8v00050cjvbndu2fh0'),
  ('cmahpq5uv00jw0cmauosuu8g9', 'cmahmdu8v00050cjvbndu2fh0'),
  ('cmahpq5uv00jx0cma3k7hf5vy', 'cmahmdu8v00050cjvbndu2fh0'),
  ('cmahpq5uv00jy0cmayz8584rm', 'cmahmdu8v00050cjvbndu2fh0'),
  ('cmahpq5uv00jz0cmak8qliwp2', 'cmahmdu8v00050cjvbndu2fh0'),
  ('cmahpq5uv00k00cmao0bdcuh7', 'cmahmdu8v00050cjvbndu2fh0'),
  ('cmahpq5uv00k10cmabrtwb40m', 'cmahmejpp00060cjvch4sdust'),
  ('cmahpq5uv00k20cmauosuu8g9', 'cmahmejpp00060cjvch4sdust'),
  ('cmahpq5uv00k30cma3k7hf5vy', 'cmahmejpp00060cjvch4sdust'),
  ('cmahpq5uv00k40cmayz8584rm', 'cmahmejpp00060cjvch4sdust'),
  ('cmahpq5uv00k50cmak8qliwp2', 'cmahmejpp00060cjvch4sdust'),
  ('cmahpq5uv00k60cmao0bdcuh7', 'cmahmejpp00060cjvch4sdust'),
  ('cmahpq5uv00k70cmabrtwb40m', 'cmahmejpp00060cjvch4sdust'),
  ('cmahpq5uv00k80cmauosuu8g9', 'cmahmejpp00060cjvch4sdust'),
  ('cmahpq5uv00k90cma3k7hf5vy', 'cmahmejpp00060cjvch4sdust'),
  ('cmahpq5uv00ka0cmayz8584rm', 'cmahmejpp00060cjvch4sdust'),
  ('cmahpq5uv00kb0cmak8qliwp2', 'cmahmejpp00060cjvch4sdust'),
  ('cmahpq5uv00kc0cmao0bdcuh7', 'cmahmejpp00060cjvch4sdust'),
  ('cmahpq5uv00kd0cmabrtwb40m', 'cmahmejpp00060cjvch4sdust'),
  ('cmahpq5uv00ke0cmauosuu8g9', 'cmahmejpp00060cjvch4sdust'),
  ('cmahpq5uv00kf0cma3k7hf5vy', 'cmahmejpp00060cjvch4sdust'),
  ('cmahpq5uv00kg0cmayz8584rm', 'cmahmejpp00060cjvch4sdust'),
  ('cmahpq5uv00kh0cmak8qliwp2', 'cmahmejpp00060cjvch4sdust'),
  ('cmahpq5uv00ki0cmao0bdcuh7', 'cmahmejpp00060cjvch4sdust'),
  ('cmahpq5uv00kj0cmabrtwb40m', 'cmahmejpp00060cjvch4sdust'),
  ('cmahpq5uv00kk0cmauosuu8g9', 'cmahmejpp00060cjvch4sdust'),
  ('cmahpq5uv00kl0cma3k7hf5vy', 'cmahmejpp00060cjvch4sdust'),
  ('cmahpq5uv00km0cmayz8584rm', 'cmahmejpp00060cjvch4sdust'),
  ('cmahpq5uv00kn0cmak8qliwp2', 'cmahmejpp00060cjvch4sdust'),
  ('cmahpq5uv00ko0cmao0bdcuh7', 'cmahmejpp00060cjvch4sdust'),
  ('cmahpq5uv00kp0cmabrtwb40m', 'cmahmejpp00060cjvch4sdust'),
  ('cmahpq5uv00kq0cmauosuu8g9', 'cmahmejpp00060cjvch4sdust'),
  ('cmahpq5uv00kr0cma3k7hf5vy', 'cmahmejpp00060cjvch4sdust'),
  ('cmahpq5uv00ks0cmayz8584rm', 'cmahmejpp00060cjvch4sdust'),
  ('cmahpq5uv00kt0cmak8qliwp2', 'cmahmejpp00060cjvch4sdust'),
  ('cmahpq5uv00ku0cmao0bdcuh7', 'cmahmejpp00060cjvch4sdust'),
  ('cmahpq5uv00kv0cmabrtwb40m', 'cmahmejpp00060cjvch4sdust'),
  ('cmahpq5uv00kw0cmauosuu8g9', 'cmahmejpp00060cjvch4sdust'),
  ('cmahpq5uv00kx0cma3k7hf5vy', 'cmahmejpp00060cjvch4sdust'),
  ('cmahpq5uv00ky0cmayz8584rm', 'cmahmejpp00060cjvch4sdust'),
  ('cmahpq5uv00kz0cmak8qliwp2', 'cmahmfdw900070cjvdudofja5'),
  ('cmahpq5uv00l00cmao0bdcuh7', 'cmahmfdw900070cjvdudofja5'),
  ('cmahpq5uv00l10cmabrtwb40m', 'cmahmfdw900070cjvdudofja5'),
  ('cmahpq5uv00l20cmauosuu8g9', 'cmahmfdw900070cjvdudofja5'),
  ('cmahpq5uv00l30cma3k7hf5vy', 'cmahmfdw900070cjvdudofja5'),
  ('cmahpq5uv00l40cmayz8584rm', 'cmahmfdw900070cjvdudofja5'),
  ('cmahpq5uv00l50cmak8qliwp2', 'cmahmfdw900070cjvdudofja5'),
  ('cmahpq5uv00l60cmao0bdcuh7', 'cmahmfdw900070cjvdudofja5'),
  ('cmahpq5uv00l70cmabrtwb40m', 'cmahmfdw900070cjvdudofja5');
